,name,line,ada_status,lon,lat,complex_id,gtfs_stop_id
0,1st Ave,L,ADA Access Under Construction,c(-73.9816808748913, 40.7309749758007),119a,L06
1,103rd St - Corona Plaza,7,No Access - No Plans for Funding,c(-73.8626999983041, 40.7498650005555),450a,706
2,103rd St,1,No Access - No Plans for Funding,c(-73.9683789996082, 40.7994460003348),309a,119
3,103rd St,4-6,No Access - Under Consideration,c(-73.9474780015222, 40.7906000000845),395a,624
4,103rd St,A-B-C,No Access - Under Consideration,c(-73.9613700826762, 40.7960607399045),156a,A18
5,104th St,A,No Access - Under Consideration,c(-73.83768300061, 40.6817110010912),193a,A63
6,104th-102nd Sts,J-Z,No Access - No Plans for Funding,c(-73.8444350002968, 40.6951659982337),82a,J14
7,110th St,4-6,No Access - Under Consideration,c(-73.9442499968716, 40.7950200001131),394a,623
8,111th St,7,No Access - No Plans for Funding,c(-73.8553339983488, 40.7517299994171),449a,705
9,111th St,A,No Access - No Plans for Funding,c(-73.8321629984539, 40.6843310000124),194a,A64
10,111th St,J,No Access - No Plans for Funding,c(-73.836793384547, 40.6971148106965),81a,J13
11,116th St - Columbia University,1,No Access - Under Consideration,c(-73.9641099975775, 40.8077220012309),307a,117
12,116th St,2-3,No Access - No Plans for Funding,c(-73.949625000969, 40.802097999133),440a,226
13,116th St,4-6,No Access - No Plans for Funding,c(-73.9416169983714, 40.7986290002001),393a,622
14,116th St,A-B-C,No Access - No Plans for Funding,c(-73.9547977805731, 40.8050581334421),154a,A16
15,121st St,J-Z,No Access - No Plans for Funding,c(-73.8283490001795, 40.7004819985153),80a,J12
16,125th St,1,No Access - Under Consideration,c(-73.9583720009704, 40.8155809999789),306a,116
17,125th St,2-3,No Access - No Plans for Funding,c(-73.9454950001141, 40.8077539991828),439a,225
18,125th St,4-5-6,Full ADA Access,c(-73.9375940005573, 40.8041380005872),392a,621
19,125th St,A-B-C-D,Full ADA Access,c(-73.9522479973477, 40.8110716729946),153a,A15
20,135th St,2-3,Full ADA Access,c(-73.9407700010671, 40.8142290003391),438a,224
21,135th St,A-B-C,No Access - No Plans for Funding,c(-73.9475348087921, 40.8179055592127),152a,A14
22,137th St - City College,1,No Access - Under Consideration,c(-73.9536760008787, 40.8220079996847),305a,115
23,138th St - Grand Concourse,4-5,No Access - No Plans for Funding,c(-73.9298489993561, 40.8132239995891),391a,416
24,Union Sq - 14th St,4-5-6,No Access - No Plans for Funding,c(-73.9899509988188, 40.7346730009961),602a,635
25,Union Sq - 14th St,N-Q-R-W,Full ADA Access,c(-73.9905388618164, 40.7358722669981),602b,R20
26,14th St,1-2-3,No Access - Under Consideration,c(-74.000201000635, 40.7378259997281),601a,132
27,14th St,A-C-E,Full ADA Access,c(-74.0016899993703, 40.7408930001933),618a,A31
28,14th St,F-M,No Access - Under Consideration,c(-73.9962089992136, 40.7382279996951),601b,D19
29,145th St,1,No Access - Under Consideration,c(-73.9503599987971, 40.8265509996219),304a,114
30,145th St,3,No Access - No Plans for Funding,c(-73.936244998733, 40.8204209996928),437a,302
31,145th St,A-B-C-D,No Access - No Plans for Funding,c(-73.9440879282311, 40.8247663608719),151a,A12
32,149th St - Grand Concourse,2-5,ADA Access Under Construction,c(-73.9267224743861, 40.8183301440974),603a,222
33,149th St - Grand Concourse,4,ADA Access Under Construction,c(-73.9273847542618, 40.8183034437232),603b,415
34,15th St - Prospect Park,F-G,No Access - No Plans for Funding,c(-73.9797358059287, 40.6600356881002),241a,F25
35,155th St,B-D,No Access - No Plans for Funding,c(-73.9382089981162, 40.8301349999812),220a,D12
36,155th St,A-C,No Access - No Plans for Funding,c(-73.9415140008221, 40.8305179992925),150a,A11
37,157th St,1,No Access - Under Consideration,c(-73.9448899990105, 40.8340410001399),303a,113
38,161st St - Yankee Stadium,4,Full ADA Access,c(-73.9256919950573, 40.8282303274217),604a,414
39,161st St - Yankee Stadium,B-D,Full ADA Access,c(-73.9256509977548, 40.8279049988458),604b,D11
40,163rd St - Amsterdam Av,A-C,No Access - No Plans for Funding,c(-73.9398920018834, 40.836012999231),149a,A10
41,167th St,4,No Access - No Plans for Funding,c(-73.9213999978443, 40.8355369993367),388a,413
42,167th St,B-D,No Access - No Plans for Funding,c(-73.9184320008225, 40.833768998628),218a,D10
43,168th St,1,No Access - No Plans for Funding,c(-73.9401329990726, 40.8405559991485),605a,112
44,168th St,A-C,Full ADA Access,c(-73.9395609998543, 40.8407189999079),605b,A09
45,169th St,F,No Access - No Plans for Funding,c(-73.7934741992772, 40.710517502784),255a,F02
46,170th St,4,No Access - Under Consideration,c(-73.9177909974593, 40.84007499993),387a,412
47,170th St,B-D,No Access - Under Consideration,c(-73.9133999984698, 40.8393059996416),217a,D09
48,174th St,2-5,No Access - No Plans for Funding,c(-73.8876935981289, 40.8371955501706),428a,215
49,174th-175th Sts,B-D,No Access - Under Consideration,c(-73.9101360005008, 40.8458999998341),216a,D08
50,175th St,A,Full ADA Access,c(-73.939703997616, 40.847391000724),147a,A07
51,176th St,4,No Access - No Plans for Funding,c(-73.9117939988447, 40.8484800012369),385a,410
52,18th Ave,D,No Access - No Plans for Funding,c(-74.001592592394, 40.6077357317174),66a,B19
53,18th Ave,F,No Access - Under Consideration,c(-73.976970999658, 40.6297546663858),245a,F30
54,18th Ave,N,No Access - No Plans for Funding,c(-73.9904539986599, 40.62068699768),74a,N05
55,18th St,1-2,No Access - No Plans for Funding,c(-73.9978710006041, 40.7410399998021),321a,131
56,181st St,1,No Access - Under Consideration,c(-73.9335959996056, 40.8495049997407),301a,111
57,181st St,A,No Access - No Plans for Funding,c(-73.9379690020501, 40.8516949997446),146a,A06
58,182nd-183rd Sts,B-D,No Access - Under Consideration,c(-73.9007409999897, 40.8560929988186),214a,D06
59,183rd St,4,No Access - No Plans for Funding,c(-73.9038790015153, 40.8584070004084),383a,408
60,190th St,A,No Access - No Plans for Funding,c(-73.9341799996433, 40.8590219989248),145a,A05
61,191st St,1,No Access - No Plans for Funding,c(-73.9294119974204, 40.8552250017584),300a,110
62,Lower East Side - 2nd Ave,F,No Access - No Plans for Funding,c(-73.9899380000343, 40.7234016657491),232a,F14
63,20th Ave,D,No Access - No Plans for Funding,c(-73.9981743215757, 40.6046769981693),67a,B20
64,20th Ave,N,No Access - Under Consideration,c(-73.9845219984611, 40.617108999866),75a,N06
65,207th St,1,No Access - No Plans for Funding,c(-73.9188190013231, 40.8646140005259),298a,108
66,21st St - Queensbridge,F,Full ADA Access,c(-73.9419376145745, 40.7537392708755),221a,B04
67,21st St,G,No Access - No Plans for Funding,c(-73.9495999997552, 40.7441286664954),282a,G24
68,215th St,1,No Access - No Plans for Funding,c(-73.9152789995436, 40.8694439994605),297a,107
69,219th St,2-5,No Access - No Plans for Funding,c(-73.8625097078866, 40.8838879746253),420a,207
70,225th St,2-5,No Access - No Plans for Funding,c(-73.8602146177274, 40.8880282586379),419a,206
71,23rd St,1-2,No Access - No Plans for Funding,c(-73.9956570016487, 40.7440809998975),320a,130
72,23rd St,4-6,Full ADA Access,c(-73.9865990020789, 40.7398640004746),405a,634
73,23rd St,A-C-E,No Access - No Plans for Funding,c(-73.998041001172, 40.7459059994),165a,A30
74,23rd St,F-M,No Access - No Plans for Funding,c(-73.9927650047139, 40.742954317826),228a,D18
75,23rd St,N-Q-R-W,No Access - No Plans for Funding,c(-73.9893440010291, 40.74130266729),14a,R19
76,231st St,1,Full ADA Access,c(-73.9048340010787, 40.8788559981793),295a,104
77,233rd St,2-5,Full ADA Access,c(-73.8573623952154, 40.8931432413838),418a,205
78,238th St,1,No Access - No Plans for Funding,c(-73.9008700001852, 40.8846670006497),294a,103
79,25th Ave,D,No Access - No Plans for Funding,c(-73.9868290001148, 40.5977036669586),69a,B22
80,25th St,D-N-R,No Access - No Plans for Funding,c(-73.998090999743, 40.6603966669232),31a,R35
81,28th St,1-2,No Access - No Plans for Funding,c(-73.9933650013432, 40.7472149991822),319a,129
82,28th St,4-6,Partial ADA Access soutbound only,c(-73.9842640011041, 40.743069999259),404a,633
83,28th St,N-Q-R-W,No Access - No Plans for Funding,c(-73.9886980012874, 40.7454539997995),13a,R18
84,3rd Ave - 138th St,6,No Access - No Plans for Funding,c(-73.9261380001413, 40.8104760011726),377a,619
85,3rd Ave - 149th St,2-5,Full ADA Access,c(-73.9177915276098, 40.81602925251),434a,221
86,3rd Ave,L,No Access - No Plans for Funding,c(-73.9857500011209, 40.7326909997166),118a,L05
87,30th Ave,N-W,No Access - No Plans for Funding,c(-73.9214790001739, 40.766778666733),3a,R04
88,33rd St,4-6,No Access - No Plans for Funding,c(-73.9820760014895, 40.7460809990914),403a,632
89,33rd St,7,No Access - No Plans for Funding,c(-73.9309969995384, 40.7445869998399),460a,716
90,34th St - Hudson Yards,7,Full ADA Access,c(-74.002197094422, 40.755446359616),471a,726
91,Herald Sq - 34th St,B-D-F-M,Full ADA Access,c(-73.9877718907292, 40.7497893999001),607a,D17
92,Herald Sq - 34th St,N-Q-R-W,Full ADA Access,c(-73.9879368338264, 40.7496445600944),607b,R17
93,34th St - Penn Station,1-2-3,Full ADA Access,c(-73.9910569991398, 40.7503730000395),318a,128
94,34th St - Penn Station,A-C-E,Full ADA Access,c(-73.9933909997058, 40.7522870007759),164a,A28
95,36th Ave,N-W,No Access - No Plans for Funding,c(-73.929861999118, 40.7564420005104),5a,R06
96,36th St,D-N-R,No Access - Under Consideration,c(-74.0035489995181, 40.6551436663389),32a,R36
97,36th St,E-M-R,No Access - Under Consideration,c(-73.9290181846154, 40.7519600440108),272a,G20
98,39th Ave,N-W,No Access - No Plans for Funding,c(-73.932851376796, 40.7527630614084),6a,R08
99,4th Av - 9th St,F-G,No Access - Under Consideration,c(-73.989778999389, 40.6702716672849),608a,F23
100,40th St,7,No Access - No Plans for Funding,c(-73.9240159984882, 40.7437810014913),459a,715
101,42nd St - Bryant Pk,B-D-F-M,No Access - No Plans for Funding,c(-73.9845909990471, 40.7541840013125),609a,D16
102,42nd St - Port Authority Bus Term,A-C-E,Full ADA Access,c(-73.9897350008586, 40.7573079985515),611a,A27
103,45th St,N-R,No Access - No Plans for Funding,c(-74.0100060007494, 40.6489386666128),33a,R39
104,46th St,7,No Access - No Plans for Funding,c(-73.9184350010397, 40.7431320006038),458a,714
105,46th St,E-M-R,No Access - Under Consideration,c(-73.9135217499554, 40.7563169526081),270a,G18
106,47th-50th Sts - Rockefeller Ctr,B-D-F-M,Full ADA Access,c(-73.981331002277, 40.7586410015981),225a,D15
107,49th St,N-Q-R-W,Partial ADA Access northbound only,c(-73.984209565911, 40.7598019738707),10a,R15
108,5th Ave - Bryant Pk,7,No Access - No Plans for Funding,c(-73.9819629985671, 40.7538210006482),609b,724
109,5th Ave - 53rd St,E-M,No Access - No Plans for Funding,c(-73.9752485052734, 40.7600868323133),276a,F12
110,5th Ave - 59th St,N-R-W,No Access - No Plans for Funding,c(-73.9733470004705, 40.7648109997553),8a,R13
111,50th St,1-2,No Access - No Plans for Funding,c(-73.9838489998663, 40.7617279996142),316a,126
112,50th St,A-C-E,Partial ADA Acccess southbound only,c(-73.9859840002641, 40.76245599926),162a,A25
113,50th St,D,No Access - No Plans for Funding,c(-73.9946587805514, 40.6362608909614),61a,B14
114,51st St,4-6,Full ADA Access,c(-73.9719200006998, 40.7571069998932),612a,630
115,52nd St,7,No Access - No Plans for Funding,c(-73.9125489989125, 40.7441490010216),457a,713
116,53rd St,N-R,No Access - No Plans for Funding,c(-74.0140339998632, 40.6450686673598),34a,R40
117,55th St,D,No Access - No Plans for Funding,c(-73.9953488259574, 40.6314787609374),62a,B15
118,57th St,N-Q-R-W,ADA Access Under Construction,c(-73.9807297337213, 40.7645655250183),9a,R14
119,57th St,F,No Access - No Plans for Funding,c(-73.9773680008517, 40.7640850008171),224a,B10
120,59th St - Columbus Circle,1-2,Full ADA Access,c(-73.9819290023271, 40.7682470006369),614a,125
121,59th St - Columbus Circle,A-B-C-D,Full ADA Access,c(-73.981648723014, 40.7682495317761),614b,A24
122,Lexington Ave - 59th St,4-5-6,No Access - No Plans for Funding,c(-73.9679670004732, 40.7625260003046),613a,629
123,59th St,N-R,ADA Access Under Construction,c(-74.0178809995399, 40.6413616662838),35a,R41
124,6th Ave,L,No Access - Under Consideration,c(-73.9977507887478, 40.7377414698105),601c,L02
125,62nd St,D,ADA Access Under Construction,c(-73.9968572499486, 40.6262244629222),615a,B16
126,63rd Dr - Rego Park,E-M-R,No Access - Under Consideration,c(-73.861618200972, 40.7297639724224),263a,G10
127,65th St,E-M-R,No Access - Under Consideration,c(-73.8987883783301, 40.7497195293568),268a,G15
128,66th St - Lincoln Ctr,1-2,Full ADA Access,c(-73.9822089999578, 40.7734400005204),314a,124
129,67th Ave,E-M-R,No Access - Under Consideration,c(-73.8528604843491, 40.726505475813),262a,G09
130,68th St - Hunter College,4-6,ADA Access Under Construction,c(-73.9638700015804, 40.7681410004968),399a,628
131,69th St,7,No Access - No Plans for Funding,c(-73.8964029993185, 40.7463249994103),455a,711
132,7th Ave,B-D-E,No Access - No Plans for Funding,c(-73.9816978234448, 40.7629701524563),277a,D14
133,7th Ave,B-Q,No Access - No Plans for Funding,c(-73.9728527919102, 40.6771021798329),41a,D25
134,7th Ave,F-G,No Access - Under Consideration,c(-73.9802511790094, 40.6662446900199),240a,F24
135,71st St,D,No Access - No Plans for Funding,c(-73.9988409485069, 40.6192587097727),64a,B17
136,72nd St,1-2-3,Full ADA Access,c(-73.9819700015958, 40.7784530006861),313a,123
137,72nd St,A-B-C,No Access - No Plans for Funding,c(-73.976336575218, 40.7755193972926),160a,A22
138,72nd St,Q,Full ADA Access,c(-73.9583617868225, 40.768802510149),477a,Q03
139,74th St - Broadway,7,Full ADA Access,c(-73.8912051289911, 40.7468675738291),616a,710
140,75th Ave,E-F,No Access - No Plans for Funding,c(-73.8369236938716, 40.7180446534874),260a,F07
141,75th St - Eldert Ln,J-Z,No Access - No Plans for Funding,c(-73.8672879994496, 40.6912900012467),85a,J17
142,77th St,4-6,No Access - No Plans for Funding,c(-73.9598739988605, 40.7736200007461),398a,627
143,77th St,R,No Access - Under Consideration,c(-74.0255099996266, 40.6297416668869),37a,R43
144,79th St,1-2,No Access - No Plans for Funding,c(-73.9799170005613, 40.7839339995903),312a,122
145,79th St,D,No Access - No Plans for Funding,c(-74.0005828743151, 40.6131589256952),65a,B18
146,8th Ave,L,Full ADA Access,c(-74.0025780010476, 40.739776666382),618b,L01
147,8th Ave,N,ADA Access Under Construction,c(-74.0115159977216, 40.6349709996472),71a,N02
148,8th St - NYU,N-Q-R-W,No Access - No Plans for Funding,c(-73.9925079984915, 40.7304649985399),16a,R21
149,80th St,A,No Access - Under Consideration,c(-73.8589920020633, 40.6793710011543),190a,A59
150,81st St,A-B-C,No Access - No Plans for Funding,c(-73.9720979493721, 40.7813460841821),159a,A21
151,82nd St - Jackson Hts,7,No Access - No Plans for Funding,c(-73.8836970007188, 40.7476589995591),453a,709
152,85th St - Forest Pky,J,No Access - No Plans for Funding,c(-73.8600870000687, 40.692426999661),84a,J16
153,86th St,1-2,No Access - No Plans for Funding,c(-73.9762179985933, 40.7886440007389),311a,121
154,86th St,4-5-6,No Access - Under Consideration,c(-73.9555889998513, 40.7794919982095),397a,626
155,86th St,A-B-C,No Access - Under Consideration,c(-73.9688284942967, 40.7858230467856),158a,A20
156,Gravesend - 86th St,N,No Access - Under Consideration,c(-73.9781889993627, 40.5924650008886),79a,N10
157,86th St,Q,Full ADA Access,c(-73.9517709096492, 40.7778610433316),476a,Q04
158,86th St,R,ADA Access Under Construction,c(-74.0283979999864, 40.6226866671502),38a,R44
159,88th St,A,No Access - Under Consideration,c(-73.8514700002609, 40.679843001355),191a,A60
160,9th Ave,D,No Access - No Plans for Funding,c(-73.994448744512, 40.6464840772664),59a,B12
161,4th Av - 9th St,D-N-R,No Access - Under Consideration,c(-73.9883019997451, 40.6708466668428),608b,R33
162,90th St - Elmhurst Av,7,No Access - No Plans for Funding,c(-73.8766129998698, 40.7484080006091),452a,708
163,96th St,1-2-3,Full ADA Access,c(-73.972322999157, 40.7939190012147),310a,120
164,96th St,4-6,No Access - Under Consideration,c(-73.9510700015425, 40.7856719999861),396a,625
165,96th St,A-B-C,No Access - Under Consideration,c(-73.9646024568717, 40.7916187976701),157a,A19
166,96th St,Q,Full ADA Access,c(-73.9470660219183, 40.7842366501776),475a,Q05
167,Alabama Ave,J,No Access - No Plans for Funding,c(-73.8985260015965, 40.6769980000038),91a,J24
168,Allerton Ave,2-5,No Access - No Plans for Funding,c(-73.8672342285163, 40.8654833779393),423a,210
169,Annadale,SIR,No Access - Under Consideration,c(-74.178217, 40.5404599999997),515a,S17
170,Aqueduct - North Conduit Av,A,No Access - No Plans for Funding,c(-73.8340579994872, 40.6682340016998),197a,H02
171,Aqueduct Racetrack,A,Full ADA Access,c(-73.8359189996516, 40.6720969991728),196a,H01
172,Arthur Kill,SIR,Full ADA Access,c(-74.24192597155, 40.5166427187032),523a,S11
173,Astor Pl,4-6,No Access - No Plans for Funding,c(-73.9910699986197, 40.7300540002898),407a,636
174,Astoria - Ditmars Blvd,N-W,No Access - No Plans for Funding,c(-73.9120340001031, 40.7750356665237),1a,R01
175,Astoria Blvd,N-W,ADA Access Under Construction,c(-73.9180950010924, 40.7700369994909),2a,R03
176,Atlantic Av - Barclay's Center,2-3-4-5,Full ADA Access,c(-73.9775499353939, 40.6844201652676),617a,235
177,Atlantic Av - Barclay's Center,B-Q,Full ADA Access,c(-73.9767834396317, 40.6844883234537),617b,D24
178,Atlantic Av - Barclay's Center,D-N-Q-R,Full ADA Access,c(-73.9788099995677, 40.6836656672794),617c,R31
179,Atlantic Ave,L,No Access - No Plans for Funding,c(-73.9030969995401, 40.6753446664081),133a,L24
180,Ave H,Q,Partial ADA Acccess southbound only,c(-73.961517939425, 40.6292083775897),48a,D32
181,Ave I,F,No Access - Under Consideration,c(-73.9760693317092, 40.6250174401914),246a,F31
182,Ave J,Q,No Access - No Plans for Funding,c(-73.9606931624693, 40.6250228199152),49a,D33
183,Ave M,Q,No Access - No Plans for Funding,c(-73.9592431052215, 40.6173977444437),50a,D34
184,Ave N,F,No Access - Under Consideration,c(-73.9740485087314, 40.6143567119088),248a,F33
185,Ave P,F,No Access - No Plans for Funding,c(-73.9730028152875, 40.6088428089499),249a,F34
186,Ave U,Q,No Access - No Plans for Funding,c(-73.955811223163, 40.5993089509548),52a,D37
187,Ave U,F,No Access - Under Consideration,c(-73.9733764197488, 40.5959248255175),251a,F36
188,Ave U,N,No Access - Under Consideration,c(-73.9790840009943, 40.5972359999204),78a,N09
189,Ave X,F,No Access - Under Consideration,c(-73.9742659996891, 40.5894496666253),252a,F38
190,Bay 50th St,D,No Access - No Plans for Funding,c(-73.9837650004595, 40.5888406665193),70a,B23
191,Bay Pky,D,Full ADA Access,c(-73.9936762000529, 40.6019504615723),68a,B21
192,Bay Pky,F,No Access - Under Consideration,c(-73.9752569782215, 40.6207316231679),247a,F32
193,Bay Pky,N,No Access - Under Consideration,c(-73.9817800106929, 40.61145578989),76a,N07
194,Bay Ridge - 95th St,R,ADA Access Under Construction,c(-74.0308760008576, 40.6166216672595),39a,R45
195,Bay Ridge Ave,R,No Access - No Plans for Funding,c(-74.0233769995073, 40.6349666668238),36a,R42
196,Bay Terrace,SIR,No Access - Under Consideration,c(-74.136907, 40.5563999999997),512a,S20
197,Baychester Ave,5,No Access - No Plans for Funding,c(-73.8385909980215, 40.8786630003731),443a,502
198,Beach 105th St,A,No Access - No Plans for Funding,c(-73.8275807503453, 40.5832684381029),202a,H14
199,Beach 25th St,A,No Access - No Plans for Funding,c(-73.7613529976207, 40.6000660010588),208a,H10
200,Beach 36th St,A,No Access - No Plans for Funding,c(-73.7681749993969, 40.5953980016688),207a,H09
201,Beach 44th St,A,No Access - No Plans for Funding,c(-73.7760129999951, 40.5929429990862),206a,H08
202,Beach 60th St,A,No Access - No Plans for Funding,c(-73.7885219980118, 40.5923740012123),205a,H07
203,Beach 67th St,A,No Access - Under Consideration,c(-73.7969239998421, 40.5909270007813),204a,H06
204,Beach 90th St,A,No Access - No Plans for Funding,c(-73.8136514041963, 40.5880915645732),200a,H12
205,Beach 98th St,A,No Access - No Plans for Funding,c(-73.8205205895952, 40.5853856913328),201a,H13
206,Bedford - Nostrand Aves,G,No Access - Under Consideration,c(-73.9535220006402, 40.6896270015844),289a,G33
207,Bedford Ave,L,ADA Access Under Construction,c(-73.9566649980652, 40.717173998589),120a,L08
208,Bedford Park Blvd - Lehman College,4,No Access - Under Consideration,c(-73.8900640006948, 40.8734119998012),380a,405
209,Bedford Park Blvd,B-D,ADA Access Under Construction,c(-73.8871379988957, 40.8732439986165),211a,D03
210,Bergen St,2-3,No Access - No Plans for Funding,c(-73.9749991511681, 40.6808621368296),339a,236
211,Bergen St,F-G,No Access - No Plans for Funding,c(-73.9907564957357, 40.6861105472598),236a,F20
212,Beverly Rd,Q,No Access - No Plans for Funding,c(-73.9643577962313, 40.6439045986042),45a,D29
213,Beverly Rd,2-5,No Access - No Plans for Funding,c(-73.948847983817, 40.6451235189437),357a,245
214,Bleecker St,4-6,Full ADA Access,c(-73.9946590000633, 40.7259146668266),619a,637
215,Borough Hall,2-3,Full ADA Access,c(-73.9899979996069, 40.6932189996111),620a,232
216,Borough Hall,4-5,Partial ADA Access northbound only,c(-73.9901510009054, 40.692403999991),620b,423
217,Bowery,J-Z,No Access - No Plans for Funding,c(-73.9938069065424, 40.7202468831473),103a,M19
218,Bowling Green,4-5,Full ADA Access,c(-74.0140079980343, 40.7049139992808),414a,420
219,Briarwood - Van Wyck Blvd,E-F,No Access - No Plans for Funding,c(-73.8206926363744, 40.7091618153695),258a,F05
220,Brighton Beach,B-Q,No Access - Under Consideration,c(-73.961353785988, 40.5777101966424),55a,D40
221,Broad Channel,A,No Access - No Plans for Funding,c(-73.8158326878296, 40.6084021806968),199a,H04
222,Broad St,J-Z,ADA Access Under Construction,c(-74.0110559999175, 40.706476001106),107a,M23
223,Broadway,G,No Access - No Plans for Funding,c(-73.9503122560662, 40.7061265762742),286a,G30
224,Broadway Junction,A-C,No Access - Under Consideration,c(-73.9053160005534, 40.6783336660802),621a,A51
225,Broadway Junction,J-Z,No Access - Under Consideration,c(-73.9042899974641, 40.6793660014737),621b,J27
226,Broadway Junction,L,No Access - Under Consideration,c(-73.9031175792068, 40.6784562484287),621c,L22
227,Broadway,N-W,No Access - No Plans for Funding,c(-73.9258229991991, 40.7614319988005),4a,R05
228,Broadway - Lafayette St,B-D-F-M,Full ADA Access,c(-73.9962039987605, 40.725296998738),619b,D21
229,Bronx Park East,2-5,No Access - No Plans for Funding,c(-73.868356091781, 40.8487686663389),425a,212
230,Brook Ave,6,No Access - Under Consideration,c(-73.9192399990943, 40.807565999877),376a,618
231,Brooklyn Bridge - City Hall,4-5-6,Full ADA Access,c(-74.0041310005885, 40.7130649994331),622a,640
232,Buhre Ave,6,No Access - No Plans for Funding,c(-73.8325690000374, 40.8468099988855),361a,602
233,Burke Ave,2-5,No Access - No Plans for Funding,c(-73.867053617476, 40.8712588025477),422a,209
234,Burnside Ave,4,No Access - No Plans for Funding,c(-73.9076840015997, 40.8534530015569),384a,409
235,Bushwick - Aberdeen,L,No Access - No Plans for Funding,c(-73.905261763051, 40.6828606255118),131a,L21
236,Canal St,1-2,No Access - No Plans for Funding,c(-74.0062770001748, 40.7228539977878),325a,135
237,Canal St,4-6,Full ADA Access,c(-74.0001929992733, 40.7188030010771),623a,639
238,Canal St - Holland Tunnel,A-C-E,No Access - No Plans for Funding,c(-74.0052290023424, 40.7208240000712),169a,A34
239,Canal St,J-Z,No Access - No Plans for Funding,c(-73.9998263854594, 40.7181738769739),623b,M20
240,Canal St,N-Q,No Access - No Plans for Funding,c(-74.0010547130603, 40.7188142635871),623c,Q01
241,Canal St,R-W,No Access - No Plans for Funding,c(-74.0018260000577, 40.719465001059),623d,R23
242,Canarsie - Rockaway Pkwy,L,ADA Access Under Construction,c(-73.9018500001729, 40.6466536673953),138a,L29
243,Carroll St,F-G,No Access - No Plans for Funding,c(-73.9949469799884, 40.6802733517018),237a,F21
244,Castle Hill Ave,6,No Access - No Plans for Funding,c(-73.8512219996147, 40.8342549982546),365a,607
245,Cathedral Pkwy (110th St),A-B-C,No Access - No Plans for Funding,c(-73.9580667066136, 40.800581558115),155a,A17
246,Cathedral Pkwy (110th St),1,No Access - Under Consideration,c(-73.9668470005456, 40.8039669996148),308a,118
247,Central Ave,M,No Access - No Plans for Funding,c(-73.9272429990284, 40.6978730001183),114a,M10
248,Central Park North (110th St),2-3,No Access - No Plans for Funding,c(-73.9518220017691, 40.7990749997732),441a,227
249,Chambers St,1-2-3,Full ADA Access,c(-74.0092660017011, 40.7154780001133),327a,137
250,Chambers St,A-C,No Access - No Plans for Funding,c(-74.0085847357013, 40.714111000774),624a,A36
251,Chambers St,J-Z,ADA Access Under Construction,c(-74.0034067303134, 40.7132337896267),622b,M21
252,Chauncey St,J-Z,No Access - Under Consideration,c(-73.9103835703338, 40.682851300878),93a,J28
253,Christopher St - Sheridan Sq,1-2,No Access - No Plans for Funding,c(-74.0029059985524, 40.7334220010422),323a,133
254,Church Ave,2-5,Full ADA Access,c(-73.9494551403533, 40.6508606878022),356a,244
255,Church Ave,B-Q,No Access - Under Consideration,c(-73.9628824619211, 40.6504932464648),44a,D28
256,Church Ave,F-G,Full ADA Access,c(-73.9797211622908, 40.64427200013),243a,F27
257,City Hall,R-W,No Access - No Plans for Funding,c(-74.0069858178034, 40.713272331117),20a,R24
258,Clark St,2-3,No Access - No Plans for Funding,c(-73.9930859982196, 40.6974659999647),334a,231
259,Classon Ave,G,No Access - Under Consideration,c(-73.9599900013721, 40.6888890002646),290a,G34
260,Cleveland St,J,No Access - No Plans for Funding,c(-73.8851940021643, 40.6797779989612),89a,J22
261,Clifton,SIR,No Access - Under Consideration,c(-74.071402, 40.6213189999997),504a,S28
262,Clinton - Washington Aves,A-C,No Access - No Plans for Funding,c(-73.9658379985728, 40.6832629991264),177a,A44
263,Clinton - Washington Aves,G,No Access - No Plans for Funding,c(-73.9667959986695, 40.6880940010605),291a,G35
264,Coney Island - Stillwell Av,D-F-N-Q,Full ADA Access,c(-73.9812359981396, 40.5772810000675),58a,D43
265,Cortelyou Rd,Q,No Access - No Plans for Funding,c(-73.9637900550549, 40.6409401651401),46a,D30
266,Cortlandt St,R-W,Full ADA Access,c(-74.0111319647327, 40.7105129841524),624b,R25
267,Court Sq,7,Full ADA Access,c(-73.9452640003968, 40.7470229988964),606a,719
268,Court Sq - 23rd St,E-M,No Access - No Plans for Funding,c(-73.9460547026633, 40.7477681214143),606b,F09
269,Long Island City - Court Sq,G,ADA Access Under Construction,c(-73.9438155959784, 40.7463050335714),606c,G22
270,Court St,N-R,No Access - No Plans for Funding,c(-73.9918183090113, 40.694196480777),620c,R28
271,Crescent St,J-Z,No Access - Under Consideration,c(-73.8739292521578, 40.6831526570774),87a,J20
272,Crown Hts - Utica Ave,3-4,Full ADA Access,c(-73.9329325608185, 40.6689783110781),345a,250
273,Cypress Ave,6,No Access - Under Consideration,c(-73.9140419999475, 40.8053680007636),375a,617
274,Cypress Hills,J,No Access - No Plans for Funding,c(-73.87332199883, 40.6896160008388),86a,J19
275,DeKalb Ave,B-D-N-Q-R,Full ADA Access,c(-73.9817709444095, 40.6906481199698),26a,R30
276,DeKalb Ave,L,No Access - No Plans for Funding,c(-73.9182320021972, 40.7036929996164),127a,L16
277,Delancey St - Essex St,F,No Access - Under Consideration,c(-73.9880780680772, 40.7186807421945),625a,F15
278,Ditmas Ave,F,No Access - No Plans for Funding,c(-73.9781719996516, 40.6361186666629),244a,F29
279,Dongan Hills,SIR,Full ADA Access,c(-74.09609, 40.5888489999996),507a,S25
280,Dyckman St,1,Partial ADA Access Southbound Only,c(-73.9255360000647, 40.860531001388),299a,109
281,Dyckman St,A,No Access - No Plans for Funding,c(-73.9272709996072, 40.8654909989689),144a,A03
282,E 105th St,L,No Access - No Plans for Funding,c(-73.8995476938872, 40.650468785447),137a,L28
283,E 143rd St - St Mary's St,6,No Access - Under Consideration,c(-73.9076569993649, 40.8087190009014),374a,616
284,E 149th St,6,No Access - Under Consideration,c(-73.9040979987595, 40.812117998272),373a,615
285,E 180th St,2-5,Full ADA Access,c(-73.8733460951088, 40.8418630412186),426a,213
286,East Broadway,F,No Access - No Plans for Funding,c(-73.990177001222, 40.7138550010204),234a,F16
287,Eastchester - Dyre Ave,5,No Access - No Plans for Funding,c(-73.8308340021742, 40.8882999990101),442a,501
288,Eastern Pkwy - Bklyn Museum,2-3-4,ADA Access Under Construction,c(-73.9642220374842, 40.6720322354592),341a,238
289,Elder Ave,6,No Access - No Plans for Funding,c(-73.8791589987478, 40.8285840010893),369a,611
290,Elmhurst Ave,E-M-R,No Access - Under Consideration,c(-73.8820347465864, 40.7423700797217),266a,G13
291,Eltingville,SIR,No Access - No Plans for Funding,c(-74.16457, 40.5446009999996),514a,S18
292,Delancey St - Essex St,J-M-Z,No Access - Under Consideration,c(-73.9874094020297, 40.7183060561862),625b,M18
293,Euclid Ave,A-C,Full ADA Access,c(-73.8721060009968, 40.6753769982394),188a,A55
294,Far Rockaway - Mott Ave,A,Full ADA Access,c(-73.7554049992473, 40.6039950016875),209a,H11
295,Brooklyn College - Flatbush Ave,2-5,Full ADA Access,c(-73.9475412073441, 40.6328424070074),359a,247
296,Flushing - Main St,7,Full ADA Access,c(-73.8300300026251, 40.7595999991501),447a,701
297,Flushing Ave,G,No Access - No Plans for Funding,c(-73.9502340010257, 40.7003766662215),287a,G31
298,Flushing Ave,J-M,Full ADA Access,c(-73.9413773483837, 40.7004044029811),98a,M12
299,Fordham Rd,4,Full ADA Access,c(-73.901033999217, 40.8628029998894),382a,407
300,Fordham Rd,B-D,No Access - No Plans for Funding,c(-73.897749001024, 40.8612959986835),213a,D05
301,Forest Ave,M,No Access - No Plans for Funding,c(-73.9030750000595, 40.7044120008781),110a,M05
302,Forest Hills - 71st Av,E-F-M-R,Full ADA Access,c(-73.8445167201267, 40.7215943095359),261a,G08
303,Ft Hamilton Pkwy,D,No Access - No Plans for Funding,c(-73.9942022375285, 40.6409127114447),60a,B13
304,Ft Hamilton Pkwy,F-G,No Access - No Plans for Funding,c(-73.9757759991747, 40.6507816680342),242a,F26
305,Ft Hamilton Pkwy,N,No Access - No Plans for Funding,c(-74.0053510004628, 40.6313856672244),72a,N03
306,Franklin Ave,2-3-4-5,No Access - No Plans for Funding,c(-73.9580997367769, 40.6707651534489),626a,239
307,Franklin Ave,A-C,Full ADA Access,c(-73.9568480001461, 40.6813796665874),627a,A45
308,Franklin St,1-2,No Access - No Plans for Funding,c(-74.0068860027711, 40.7193180013021),326a,136
309,Freeman St,2-5,No Access - No Plans for Funding,c(-73.8917522534946, 40.8299874463841),429a,216
310,Fresh Pond Rd,M,No Access - No Plans for Funding,c(-73.8958980017196, 40.7062259982305),109a,M04
311,Fulton St,2-3,Full ADA Access,c(-74.006570999702, 40.7094159992587),628a,229
312,Fulton St,4-5,Full ADA Access,c(-74.0095089985646, 40.7103679988221),628b,418
313,Fulton St,A-C,Full ADA Access,c(-74.0076230932399, 40.7101621653019),628c,A38
314,Fulton St,G,No Access - No Plans for Funding,c(-73.9753749983315, 40.6871189995077),292a,G36
315,Fulton St,J-Z,Full ADA Access,c(-74.0079380011039, 40.7100226665842),628d,M22
316,Gates Ave,J-Z,No Access - Under Consideration,c(-73.9221560015075, 40.6895839990139),95a,J30
317,Graham Ave,L,No Access - No Plans for Funding,c(-73.9439439986904, 40.7145759983636),122a,L11
318,Grand Army Plaza,2-3-4,No Access - No Plans for Funding,c(-73.9709563319228, 40.6752946951032),340a,237
319,Grand Ave - Newtown,E-M-R,No Access - Under Consideration,c(-73.8772208566918, 40.7368134181971),265a,G12
320,Grand Central - 42nd St,4-5-6,Full ADA Access,c(-73.9767132992584, 40.7518074298163),610a,631
321,Grand Central - 42nd St,7,Full ADA Access,c(-73.9760410011151, 40.7514310002869),610b,723
322,Grand St,B-D,No Access - No Plans for Funding,c(-73.9937529991359, 40.7182669995499),231a,D22
323,Grand St,L,No Access - Under Consideration,c(-73.9404969987464, 40.7115760006482),123a,L12
324,Grant Ave,A,No Access - No Plans for Funding,c(-73.865049998777, 40.6770440005448),189a,A57
325,Grant City,SIR,No Access - Under Consideration,c(-74.109704, 40.5789649999996),509a,S23
326,Grasmere,SIR,No Access - Under Consideration,c(-74.084087, 40.6031169999997),505a,S27
327,Great Kills,SIR,Full ADA Access,c(-74.151399, 40.5512309999997),513a,S19
328,Greenpoint Ave,G,ADA Access Under Construction,c(-73.9544250014623, 40.7312669997146),283a,G26
329,Gun Hill Rd,2-5,Full ADA Access,c(-73.866134105387, 40.877839385172),421a,208
330,Gun Hill Rd,5,ADA Access Under Construction,c(-73.8463840015176, 40.8695259996268),444a,503
331,Halsey St,J,No Access - Under Consideration,c(-73.9166388842194, 40.6864152707043),94a,J29
332,Halsey St,L,No Access - No Plans for Funding,c(-73.9039340011863, 40.6955180011488),129a,L19
333,Harlem - 148 St,3,No Access - No Plans for Funding,c(-73.9364700000556, 40.8238800008046),436a,301
334,Hewes St,J-M,No Access - No Plans for Funding,c(-73.9534880003846, 40.706889998054),100a,M14
335,High St,A-C,No Access - No Plans for Funding,c(-73.9905310006546, 40.6993369997788),173a,A40
336,Houston St,1-2,No Access - No Plans for Funding,c(-74.0053670018058, 40.7282510007302),324a,134
337,Howard Beach - JFK Airport,A,Full ADA Access,c(-73.8303010007103, 40.6604760000496),198a,H03
338,Hoyt - Schermerhorn Sts,A-C-G,No Access - No Plans for Funding,c(-73.9850362403414, 40.6884084758064),175a,A42
339,Hoyt St,2-3,No Access - No Plans for Funding,c(-73.9850637957565, 40.6905441853547),336a,233
340,Huguenot,SIR,No Access - Under Consideration,c(-74.191794, 40.5336739999996),516a,S16
341,Hunters Point Ave,7,No Access - No Plans for Funding,c(-73.9489160009391, 40.7422159998632),463a,720
342,Hunts Point Ave,6,Full ADA Access,c(-73.8905490001734, 40.8209479985231),371a,613
343,Intervale Ave,2-5,No Access - No Plans for Funding,c(-73.8966173846165, 40.8221421311708),431a,218
344,Inwood - 207th St,A,Full ADA Access,c(-73.9198990010047, 40.8680719999974),143a,A02
345,Jackson Ave,2-5,No Access - No Plans for Funding,c(-73.9077019387083, 40.816437466864),433a,220
346,Jackson Hts - Roosevelt Av,E-F-M-R,Full ADA Access,c(-73.891298665197, 40.7465396911589),616b,G14
347,Jamaica - 179th St,F,Full ADA Access,c(-73.7838170017645, 40.712645666744),254a,F01
348,Jamaica - Van Wyck,E,Full ADA Access,c(-73.8170128713541, 40.7028985528731),280a,G07
349,Jamaica Ctr - Parsons / Archer,E-J-Z,Full ADA Access,c(-73.8010963229892, 40.7020673762119),278a,G05
350,Jay St - MetroTech,A-C-F,Full ADA Access,c(-73.9872181526732, 40.6924706368471),636a,A41
351,Jay St - MetroTech,N-R,Full ADA Access,c(-73.9860566785461, 40.6922553964532),636b,R29
352,Jefferson Av,SIR,No Access - Under Consideration,c(-74.103338, 40.5835909999997),508a,S24
353,Jefferson St,L,No Access - Under Consideration,c(-73.9229130000312, 40.7066066659887),126a,L15
354,Junction Blvd,7,Full ADA Access,c(-73.8695270010352, 40.7491449994884),451a,707
355,Junius St,3-4,No Access - Under Consideration,c(-73.9024486418356, 40.6635890018172),349a,254
356,Kew Gardens - Union Tpke,E-F,Full ADA Access,c(-73.8303702709878, 40.714034819571),259a,F06
357,Kings Hwy,B-Q,Full ADA Access,c(-73.9576087353808, 40.608638645396),51a,D35
358,Kings Hwy,F,No Access - Under Consideration,c(-73.9723553085244, 40.6032584051283),250a,F35
359,Kings Hwy,N,No Access - No Plans for Funding,c(-73.9803730022934, 40.6040589998049),77a,N08
360,Kingsbridge Rd,4,No Access - No Plans for Funding,c(-73.8971740010174, 40.8677600008858),381a,406
361,Kingsbridge Rd,B-D,Full ADA Access,c(-73.8935090000331, 40.8669779999994),212a,D04
362,Kingston - Throop Aves,A-C,No Access - No Plans for Funding,c(-73.9408589987126, 40.679918999416),180a,A47
363,Kingston Ave,3-4,No Access - No Plans for Funding,c(-73.9421597839296, 40.6694814486498),344a,249
364,Knickerbocker Ave,M,No Access - No Plans for Funding,c(-73.9197200018862, 40.6986600012381),113a,M09
365,Kosciuszko St,J,No Access - Under Consideration,c(-73.9285089992741, 40.693172001292),96a,J31
366,Lafayette Ave,A-C,No Access - No Plans for Funding,c(-73.9739459984941, 40.6861130002057),176a,A43
367,Lexington Ave - 53rd St,E-M,Full ADA Access,c(-73.969072374902, 40.7574683078286),612b,F11
368,Lexington Ave - 59th St,N-R-W,No Access - No Plans for Funding,c(-73.9673750171144, 40.7627088553946),613b,R11
369,Lexington Ave - 63rd St,F-Q,Full ADA Access,c(-73.9660896441325, 40.7646180944237),223a,B08
370,Liberty Ave,A-C,No Access - No Plans for Funding,c(-73.8965480010393, 40.6745419998709),185a,A52
371,Livonia Ave,L,No Access - Under Consideration,c(-73.9005623722606, 40.6640572709464),135a,L26
372,Longwood Ave,6,No Access - No Plans for Funding,c(-73.8964349989741, 40.8161039999724),372a,614
373,Lorimer St,J-M,No Access - No Plans for Funding,c(-73.947354998842, 40.7038440000421),99a,M13
374,Lorimer St,L,No Access - Under Consideration,c(-73.9502479999697, 40.7140720006472),629a,L10
375,Marble Hill - 225th St,1,No Access - No Plans for Funding,c(-73.9098309992355, 40.8745609994179),296a,106
376,Marcy Ave,J-M-Z,Full ADA Access,c(-73.9578320007573, 40.7083830000179),101a,M16
377,Metropolitan Ave,G,No Access - Under Consideration,c(-73.9514239994525, 40.7127740007343),629b,G29
378,Mets - Willets Point,7,No Access - No Plans for Funding,c(-73.8456249984179, 40.7546219988126),448a,702
379,Middle Village - Metropolitan Ave,M,Full ADA Access,c(-73.8895772297809, 40.7114313050582),108a,M01
380,Middletown Rd,6,No Access - No Plans for Funding,c(-73.8363219975594, 40.8438630012838),362a,603
381,Montrose Ave,L,No Access - Under Consideration,c(-73.939792847135, 40.7073910643846),124a,L13
382,Morgan Ave,L,No Access - Under Consideration,c(-73.9331470002421, 40.7061516668073),125a,L14
383,Morris Park,5,No Access - No Plans for Funding,c(-73.8604950011725, 40.8543639996643),446a,505
384,Morrison Av - Soundview,6,No Access - Under Consideration,c(-73.8745159992949, 40.8295210015675),368a,610
385,Mosholu Pkwy,4,No Access - Under Consideration,c(-73.8846549998873, 40.8797499994723),379a,402
386,Mt Eden Ave,4,No Access - No Plans for Funding,c(-73.9146849986034, 40.8444340009268),386a,411
387,Myrtle-Willoughby Aves,G,No Access - No Plans for Funding,c(-73.9490669989016, 40.6946189990377),288a,G32
388,Myrtle - Wyckoff Aves,L,Full ADA Access,c(-73.9109757182647, 40.6994710624271),630a,L17
389,Myrtle - Wyckoff Aves,M,Full ADA Access,c(-73.912178999396, 40.6994540009084),630b,M08
390,Myrtle Ave,J-M-Z,No Access - Under Consideration,c(-73.9356230012996, 40.6971950005145),97a,M11
391,Nassau Ave,G,No Access - No Plans for Funding,c(-73.9511830001652, 40.7244799978083),284a,G28
392,Neck Rd,Q,No Access - Under Consideration,c(-73.9550782749376, 40.595321691117),53a,D38
393,Neptune Ave,F,No Access - Under Consideration,c(-73.9745927281881, 40.5807387584915),253a,F39
394,Nereid Ave (238 St),2-5,No Access - No Plans for Funding,c(-73.8543153107622, 40.8982865155753),417a,204
395,Nevins St,2-3-4-5,No Access - No Plans for Funding,c(-73.9804067987458, 40.6883105801902),337a,234
396,New Dorp,SIR,No Access - Under Consideration,c(-74.11721, 40.5734799999997),510a,S22
397,New Lots Ave,3-4,No Access - Under Consideration,c(-73.8841107080033, 40.6663149325969),352a,257
398,New Lots Ave,L,No Access - No Plans for Funding,c(-73.8992779605714, 40.6589147736853),136a,L27
399,New Utrecht Ave,N,ADA Access Under Construction,c(-73.9963530002597, 40.6248416672589),615b,N04
400,Newkirk Ave,2-5,No Access - No Plans for Funding,c(-73.9482999082241, 40.6399912427531),358a,246
401,Newkirk Ave,B-Q,No Access - No Plans for Funding,c(-73.9626948683726, 40.6351419373379),47a,D31
402,Northern Blvd,E-M-R,No Access - Under Consideration,c(-73.9060650805236, 40.7528248292361),269a,G16
403,Norwood - 205th St,D,No Access - No Plans for Funding,c(-73.8788549991869, 40.8748110001118),210a,D01
404,Norwood Ave,J-Z,No Access - Under Consideration,c(-73.8796259991078, 40.6815200004568),88a,J21
405,Nostrand Ave,3-4,No Access - No Plans for Funding,c(-73.9504262489579, 40.6699381509305),343a,248
406,Nostrand Ave,A-C,No Access - No Plans for Funding,c(-73.9504260009968, 40.6804380000623),179a,A46
407,Oakwood Heights,SIR,No Access - Under Consideration,c(-74.12632, 40.5651099999996),511a,S21
408,Ocean Pkwy,Q,No Access - Under Consideration,c(-73.9685009997518, 40.5763116670809),56a,D41
409,Old Town,SIR,No Access - Under Consideration,c(-74.087368, 40.5966119999997),506a,S26
410,Ozone Park - Lefferts Blvd,A,Full ADA Access,c(-73.8257979990661, 40.6859509987836),195a,A65
411,Park Pl,2-3,No Access - No Plans for Funding,c(-74.0088109999736, 40.7130509990777),624c,228
412,Parkchester,6,No Access - Under Consideration,c(-73.860816001084, 40.8332259992786),366a,608
413,Parkside Ave,Q,No Access - No Plans for Funding,c(-73.9614534398765, 40.6550730416372),43a,D27
414,Parsons Blvd,F,No Access - No Plans for Funding,c(-73.8032890002189, 40.7075719996157),256a,F03
415,Pelham Bay Park,6,Full ADA Access,c(-73.8281210005929, 40.8524619995166),360a,601
416,Pelham Pkwy,2-5,Full ADA Access,c(-73.8674806785004, 40.8571924091606),424a,211
417,Pelham Pkwy,5,No Access - No Plans for Funding,c(-73.8553590004356, 40.8589849998201),445a,504
418,Pennsylvania Ave,3-4,No Access - Under Consideration,c(-73.8948859115406, 40.6647144514357),350a,255
419,Pleasant Plains,SIR,No Access - Under Consideration,c(-74.217847, 40.5224099999996),518a,S14
420,President St,2-5,No Access - No Plans for Funding,c(-73.9505892002221, 40.6678836035368),353a,241
421,Prince St,N-Q-R-W,No Access - No Plans for Funding,c(-73.9977020004599, 40.7243286659757),17a,R22
422,Prince's Bay,SIR,No Access - Under Consideration,c(-74.200064, 40.5255069999997),517a,S15
423,Prospect Ave,2-5,No Access - No Plans for Funding,c(-73.9017777873092, 40.8194872648384),432a,219
424,Prospect Ave,D-N-R,No Access - No Plans for Funding,c(-73.9928720006742, 40.6654136671298),30a,R34
425,Prospect Park,B-Q,Full ADA Access,c(-73.9620313042661, 40.6616334551018),42a,D26
426,Queens Plz,E-M-R,Full ADA Access,c(-73.9371382396569, 40.7489177198632),273a,G21
427,Queensboro Plz,7,No Access - Under Consideration,c(-73.9401635351909, 40.7506356510148),461a,R09
428,Ralph Ave,A-C,No Access - No Plans for Funding,c(-73.9207859993331, 40.6788220008734),182a,A49
429,Rector St,1,No Access - No Plans for Funding,c(-74.0137830011974, 40.7075129995218),329a,139
430,Rector St,R-W,No Access - No Plans for Funding,c(-74.0129745625379, 40.7077447562945),22a,R26
431,Richmond Valley,SIR,No Access - No Plans for Funding,c(-74.229141, 40.5196309999996),519a,S13
432,Rockaway Ave,3-4,No Access - No Plans for Funding,c(-73.9089583358445, 40.6626174881522),348a,253
433,Rockaway Ave,A-C,No Access - No Plans for Funding,c(-73.9119459972662, 40.6783399998835),183a,A50
434,Rockaway Blvd,A,No Access - Under Consideration,c(-73.8438529979573, 40.6804289995884),192a,A61
435,Rockaway Park - Beach 116 St,A,Full ADA Access,c(-73.8355900870124, 40.5809558655735),203a,H15
436,Roosevelt Island - Main St,F,Full ADA Access,c(-73.9532349997887, 40.7591719996711),222a,B06
437,Saratoga Ave,3-4,No Access - No Plans for Funding,c(-73.9163302500795, 40.6615297898075),347a,252
438,Seneca Ave,M,No Access - No Plans for Funding,c(-73.9075819988542, 40.702918998949),111a,M06
439,Sheepshead Bay,B-Q,No Access - Under Consideration,c(-73.9540579125791, 40.5865475470754),54a,D39
440,Shepherd Ave,A-C,No Access - No Plans for Funding,c(-73.8807499974727, 40.6741300014559),187a,A54
441,Simpson St,2-5,Full ADA Access,c(-73.893066395079, 40.8239768412374),430a,217
442,Smith - 9th Sts,F-G,No Access - Under Consideration,c(-73.9958917279093, 40.6736410609041),238a,F22
443,South Ferry,1,Full ADA Access,c(-74.0131689591926, 40.7017305075745),635a,142
444,Spring St,4-6,No Access - No Plans for Funding,c(-73.9971410000667, 40.7223009999937),409a,638
445,Spring St,A-C-E,No Access - No Plans for Funding,c(-74.0037389984376, 40.7262270012931),168a,A33
446,St George,SIR,Full ADA Access,c(-74.073643, 40.6437479999996),501a,S31
447,St Lawrence Ave,6,No Access - Under Consideration,c(-73.8676179992367, 40.8315090005233),367a,609
448,Stapleton,SIR,No Access - Under Consideration,c(-74.075162, 40.6279149999997),503a,S29
449,Steinway St,E-M-R,No Access - Under Consideration,c(-73.9205264716827, 40.7569873591257),271a,G19
450,Sterling St,2-5,No Access - No Plans for Funding,c(-73.9507289112494, 40.6627729934283),354a,242
451,Sutphin Blvd - Archer Av,E-J-Z,Full ADA Access,c(-73.8080047196383, 40.700382424235),279a,G06
452,Sutphin Blvd,F,No Access - No Plans for Funding,c(-73.8108329989723, 40.7054179990676),257a,F04
453,Sutter Ave - Rutland Road,3-4,No Access - No Plans for Funding,c(-73.92252118536, 40.6647667887749),346a,251
454,Sutter Ave,L,No Access - No Plans for Funding,c(-73.9019160004208, 40.669145000614),134a,L25
455,Times Sq - 42nd St,1-2-3,Full ADA Access,c(-73.9874950005188, 40.7552899999568),611b,127
456,Times Sq - 42nd St,7,Full ADA Access,c(-73.9876909982515, 40.7554770019825),611c,725
457,Times Sq - 42nd St,N-Q-R-W,Full ADA Access,c(-73.9867680015398, 40.7546119985154),611d,R16
458,Tompkinsville,SIR,No Access - Under Consideration,c(-74.074835, 40.6369489999997),502a,S30
459,Tottenville,SIR,Full ADA Access,c(-74.251961, 40.5127639999996),522a,S09
460,Tremont Ave,B-D,No Access - Under Consideration,c(-73.9052270012235, 40.8504099995102),215a,D07
461,Union Sq - 14th St,L,Full ADA Access,c(-73.9906697690182, 40.7347633121792),602c,L03
462,Union St,D-N-R,No Access - No Plans for Funding,c(-73.9831099990967, 40.677315667351),28a,R32
463,Utica Ave,A-C,Full ADA Access,c(-73.9307289991403, 40.6793639995055),181a,A48
464,Van Cortlandt Park - 242nd St,1,No Access - No Plans for Funding,c(-73.8985830004965, 40.8892480001148),293a,101
465,Van Siclen Ave,3-4,No Access - Under Consideration,c(-73.8894049173011, 40.6655179630596),351a,256
466,Van Siclen Ave,A-C,No Access - No Plans for Funding,c(-73.8903580002471, 40.672709999061),186a,A53
467,Van Siclen Ave,J-Z,No Access - No Plans for Funding,c(-73.8916577270245, 40.6780282144778),90a,J23
468,Vernon Blvd - Jackson Ave,7,No Access - No Plans for Funding,c(-73.9535809987525, 40.7426259996975),464a,721
469,W 4th St - Washington Sq (Upper),A-C-E,Full ADA Access,c(-74.0004950022543, 40.7323379977433),167a,A32
470,W 4th St - Washington Sq (Lower),B-D-F-M,Full ADA Access,c(-74.0003081475597, 40.7322544933679),167b,D20
471,W 8th St - NY Aquarium,F-Q,No Access - No Plans for Funding,c(-73.9759578741382, 40.5760338181036),57a,D42
472,Wakefield - 241st St,2,No Access - No Plans for Funding,c(-73.8506199987954, 40.9031250005412),416a,201
473,Wall St,2-3,No Access - No Plans for Funding,c(-74.0090999984426, 40.7068209997534),333a,230
474,Wall St,4-5,No Access - No Plans for Funding,c(-74.0118619986011, 40.707557000866),413a,419
475,West Farms Sq - E Tremont Av,2-5,No Access - No Plans for Funding,c(-73.8799612787718, 40.840207632418),427a,214
476,Westchester Sq - E Tremont Ave,6,ADA Access Under Construction,c(-73.8429519992501, 40.8398920010139),363a,604
477,Whitehall St,R-W,No Access - No Plans for Funding,c(-74.0130072374272, 40.7031423735991),635b,R27
478,Whitlock Ave,6,No Access - No Plans for Funding,c(-73.8862829985325, 40.826525000559),370a,612
479,Wilson Ave,L,Partial ADA Access northbound only,c(-73.9039586049186, 40.6888665424602),130a,L20
480,Winthrop St,2-5,No Access - No Plans for Funding,c(-73.9500793459099, 40.6566593137608),355a,243
481,Woodhaven Blvd,J-Z,ADA Access Under Construction,c(-73.8520519974079, 40.693703998801),83a,J15
482,Woodhaven Blvd - Queens Mall,E-M-R,No Access - Under Consideration,c(-73.8694320861235, 40.7330973738097),264a,G11
483,Woodlawn,4,No Access - Under Consideration,c(-73.8787509999093, 40.8860370002533),378a,401
484,Woodside - 61st St,7,Full ADA Access,c(-73.9029840017301, 40.7456300011384),456a,712
485,World Trade Center,E,Full ADA Access,c(-74.009744615177, 40.7125639268082),624d,E01
486,Cortlandt St,1,Full ADA Access,c(-74.0121880011229, 40.7118350008202),328a,138
487,York St,F,No Access - No Plans for Funding,c(-73.9868849999367, 40.6997426676916),235a,F18
488,Zerega Ave,6,No Access - No Plans for Funding,c(-73.8470359987544, 40.8364880006082),364a,606
